repo,focal_method,method_num,missed_branches,total_branches,missed_lines,total_lines,branch_coverage,line_coverage
GoSimpleLLC_nbvcxz,GoSimpleLLC_nbvcxz/src/main/java/me/gosimple/nbvcxz/matching/DictionaryMatcher.java###match,9
GoSimpleLLC_nbvcxz,GoSimpleLLC_nbvcxz/src/main/java/me/gosimple/nbvcxz/matching/match/SequenceMatch.java###getFirstCharacter,3
GoSimpleLLC_nbvcxz,GoSimpleLLC_nbvcxz/src/main/java/me/gosimple/nbvcxz/matching/match/SpacialMatch.java###getShiftedNumber,8
GoSimpleLLC_nbvcxz,GoSimpleLLC_nbvcxz/src/main/java/me/gosimple/nbvcxz/matching/match/SpacialMatch.java###getTurns,9
GoSimpleLLC_nbvcxz,GoSimpleLLC_nbvcxz/src/main/java/me/gosimple/nbvcxz/matching/match/SequenceMatch.java###getDetails,2
GoSimpleLLC_nbvcxz,GoSimpleLLC_nbvcxz/src/main/java/me/gosimple/nbvcxz/matching/match/SpacialMatch.java###getAdjacencyGraph,1
GoSimpleLLC_nbvcxz,GoSimpleLLC_nbvcxz/src/main/java/me/gosimple/nbvcxz/matching/match/RepeatMatch.java###getRepeatingCharacters,2
GoSimpleLLC_nbvcxz,GoSimpleLLC_nbvcxz/src/main/java/me/gosimple/nbvcxz/matching/match/DateMatch.java###getDay,13
GoSimpleLLC_nbvcxz,GoSimpleLLC_nbvcxz/src/main/java/me/gosimple/nbvcxz/matching/match/DateMatch.java###getMonth,13
GoSimpleLLC_nbvcxz,GoSimpleLLC_nbvcxz/src/main/java/me/gosimple/nbvcxz/matching/match/DateMatch.java###getYear,13
GoSimpleLLC_nbvcxz,GoSimpleLLC_nbvcxz/src/main/java/me/gosimple/nbvcxz/matching/match/DateMatch.java###getSeparator,8
GoSimpleLLC_nbvcxz,GoSimpleLLC_nbvcxz/src/main/java/me/gosimple/nbvcxz/matching/match/DictionaryMatch.java###isLeet,13
GoSimpleLLC_nbvcxz,GoSimpleLLC_nbvcxz/src/main/java/me/gosimple/nbvcxz/matching/match/DictionaryMatch.java###getRank,13
GoSimpleLLC_nbvcxz,GoSimpleLLC_nbvcxz/src/main/java/me/gosimple/nbvcxz/matching/match/DictionaryMatch.java###getLeetSubstitution,3
GoSimpleLLC_nbvcxz,GoSimpleLLC_nbvcxz/src/main/java/me/gosimple/nbvcxz/matching/match/BaseMatch.java###getAverageEntropy,8
GoSimpleLLC_nbvcxz,GoSimpleLLC_nbvcxz/src/main/java/me/gosimple/nbvcxz/matching/match/BaseMatch.java###getEndIndex,12
GoSimpleLLC_nbvcxz,GoSimpleLLC_nbvcxz/src/main/java/me/gosimple/nbvcxz/matching/match/BaseMatch.java###getStartIndex,12
GoSimpleLLC_nbvcxz,GoSimpleLLC_nbvcxz/src/main/java/me/gosimple/nbvcxz/matching/match/BaseMatch.java###nCk,3
GoSimpleLLC_nbvcxz,GoSimpleLLC_nbvcxz/src/main/java/me/gosimple/nbvcxz/matching/match/BaseMatch.java###log2,3
GoSimpleLLC_nbvcxz,GoSimpleLLC_nbvcxz/src/main/java/me/gosimple/nbvcxz/matching/match/BaseMatch.java###getToken,1
GoSimpleLLC_nbvcxz,GoSimpleLLC_nbvcxz/src/main/java/me/gosimple/nbvcxz/matching/DictionaryMatcher.java###match,9
GoSimpleLLC_nbvcxz,GoSimpleLLC_nbvcxz/src/main/java/me/gosimple/nbvcxz/resources/BestMatches.java###setMatchLength,2
GoSimpleLLC_nbvcxz,GoSimpleLLC_nbvcxz/src/main/java/me/gosimple/nbvcxz/resources/BestMatches.java###getMatchLength,7
GoSimpleLLC_nbvcxz,GoSimpleLLC_nbvcxz/src/main/java/me/gosimple/nbvcxz/resources/BestMatches.java###setBestMatches,4
GoSimpleLLC_nbvcxz,GoSimpleLLC_nbvcxz/src/main/java/me/gosimple/nbvcxz/resources/DictionaryBuilder.java###setExclusion,1
GoSimpleLLC_nbvcxz,GoSimpleLLC_nbvcxz/src/main/java/me/gosimple/nbvcxz/resources/DictionaryBuilder.java###createDictionary,3
GoSimpleLLC_nbvcxz,GoSimpleLLC_nbvcxz/src/main/java/me/gosimple/nbvcxz/resources/DictionaryBuilder.java###addWords,2
GoSimpleLLC_nbvcxz,GoSimpleLLC_nbvcxz/src/main/java/me/gosimple/nbvcxz/resources/Feedback.java###getWarningKey,7
GoSimpleLLC_nbvcxz,GoSimpleLLC_nbvcxz/src/main/java/me/gosimple/nbvcxz/resources/Feedback.java###getResult,7
GoSimpleLLC_nbvcxz,GoSimpleLLC_nbvcxz/src/main/java/me/gosimple/nbvcxz/resources/Feedback.java###getSuggestionKeys,2
GoSimpleLLC_nbvcxz,GoSimpleLLC_nbvcxz/src/main/java/me/gosimple/nbvcxz/resources/Configuration.java###isDistanceCalc,35
GoSimpleLLC_nbvcxz,GoSimpleLLC_nbvcxz/src/main/java/me/gosimple/nbvcxz/resources/Configuration.java###getMinimumEntropy,4
GoSimpleLLC_nbvcxz,GoSimpleLLC_nbvcxz/src/main/java/me/gosimple/nbvcxz/resources/Configuration.java###getLeetTable,3
GoSimpleLLC_nbvcxz,GoSimpleLLC_nbvcxz/src/main/java/me/gosimple/nbvcxz/resources/Configuration.java###getGuessTypes,3
GoSimpleLLC_nbvcxz,GoSimpleLLC_nbvcxz/src/main/java/me/gosimple/nbvcxz/resources/Configuration.java###getDictionaries,3
GoSimpleLLC_nbvcxz,GoSimpleLLC_nbvcxz/src/main/java/me/gosimple/nbvcxz/resources/Configuration.java###getAdjacencyGraphs,3
GoSimpleLLC_nbvcxz,GoSimpleLLC_nbvcxz/src/main/java/me/gosimple/nbvcxz/resources/Configuration.java###getFeedbackResource,1
GoSimpleLLC_nbvcxz,GoSimpleLLC_nbvcxz/src/main/java/me/gosimple/nbvcxz/resources/Configuration.java###getLocale,1
GoSimpleLLC_nbvcxz,GoSimpleLLC_nbvcxz/src/main/java/me/gosimple/nbvcxz/resources/Dictionary.java###isExclusion,16
GoSimpleLLC_nbvcxz,GoSimpleLLC_nbvcxz/src/main/java/me/gosimple/nbvcxz/resources/Dictionary.java###getDictonary,2
GoSimpleLLC_nbvcxz,GoSimpleLLC_nbvcxz/src/main/java/me/gosimple/nbvcxz/matching/match/DictionaryMatch.java###getDictionaryName,13
GoSimpleLLC_nbvcxz,GoSimpleLLC_nbvcxz/src/main/java/me/gosimple/nbvcxz/resources/DictionaryUtil.java###loadRankedDictionary,3
GoSimpleLLC_nbvcxz,GoSimpleLLC_nbvcxz/src/main/java/me/gosimple/nbvcxz/resources/BruteForceUtil.java###getBruteForceCardinality,18
GoSimpleLLC_nbvcxz,GoSimpleLLC_nbvcxz/src/main/java/me/gosimple/nbvcxz/resources/ConfigurationBuilder.java###getMooresMultiplier,1
GoSimpleLLC_nbvcxz,GoSimpleLLC_nbvcxz/src/main/java/me/gosimple/nbvcxz/resources/ConfigurationBuilder.java###getDefaultCrackingHardwareCost,7
GoSimpleLLC_nbvcxz,GoSimpleLLC_nbvcxz/src/main/java/me/gosimple/nbvcxz/resources/ConfigurationBuilder.java###getDefaultGuessTypes,2
GoSimpleLLC_nbvcxz,GoSimpleLLC_nbvcxz/src/main/java/me/gosimple/nbvcxz/resources/ConfigurationBuilder.java###createConfiguration,4
GoSimpleLLC_nbvcxz,GoSimpleLLC_nbvcxz/src/main/java/me/gosimple/nbvcxz/resources/ConfigurationBuilder.java###getDefaultYearPattern,1
GoSimpleLLC_nbvcxz,GoSimpleLLC_nbvcxz/src/main/java/me/gosimple/nbvcxz/resources/ConfigurationBuilder.java###getDefaultLeetTable,1
GoSimpleLLC_nbvcxz,GoSimpleLLC_nbvcxz/src/main/java/me/gosimple/nbvcxz/resources/ConfigurationBuilder.java###getDefaultMinimumEntropy,2
GoSimpleLLC_nbvcxz,GoSimpleLLC_nbvcxz/src/main/java/me/gosimple/nbvcxz/resources/ConfigurationBuilder.java###getDefaultMaxLength,1
GoSimpleLLC_nbvcxz,GoSimpleLLC_nbvcxz/src/main/java/me/gosimple/nbvcxz/resources/ConfigurationBuilder.java###getDefaultCombinationAlgorithmTimeout,3
GoSimpleLLC_nbvcxz,GoSimpleLLC_nbvcxz/src/main/java/me/gosimple/nbvcxz/resources/ConfigurationBuilder.java###getDefaultDictionaries,1
GoSimpleLLC_nbvcxz,GoSimpleLLC_nbvcxz/src/main/java/me/gosimple/nbvcxz/resources/ConfigurationBuilder.java###getDefaultDistanceCalc,2
GoSimpleLLC_nbvcxz,GoSimpleLLC_nbvcxz/src/main/java/me/gosimple/nbvcxz/resources/ConfigurationBuilder.java###getDefaultAdjacencyGraphs,1
GoSimpleLLC_nbvcxz,GoSimpleLLC_nbvcxz/src/main/java/me/gosimple/nbvcxz/resources/ConfigurationBuilder.java###getDefaultPasswordMatchers,1
GoSimpleLLC_nbvcxz,GoSimpleLLC_nbvcxz/src/main/java/me/gosimple/nbvcxz/resources/ConfigurationBuilder.java###setLocale,1
GoSimpleLLC_nbvcxz,GoSimpleLLC_nbvcxz/src/main/java/me/gosimple/nbvcxz/resources/ConfigurationBuilder.java###setMaxLength,1
GoSimpleLLC_nbvcxz,GoSimpleLLC_nbvcxz/src/main/java/me/gosimple/nbvcxz/resources/ConfigurationBuilder.java###setMinimumEntropy,1
GoSimpleLLC_nbvcxz,GoSimpleLLC_nbvcxz/src/main/java/me/gosimple/nbvcxz/resources/Generator.java###generateRandomPassword,4
GoSimpleLLC_nbvcxz,GoSimpleLLC_nbvcxz/src/main/java/me/gosimple/nbvcxz/resources/AdjacencyGraph.java###getName,3
GoSimpleLLC_nbvcxz,GoSimpleLLC_nbvcxz/src/main/java/me/gosimple/nbvcxz/resources/AdjacencyGraph.java###getKeyMap,3
GoSimpleLLC_nbvcxz,GoSimpleLLC_nbvcxz/src/main/java/me/gosimple/nbvcxz/resources/AdjacencyGraph.java###getAverageDegree,3
GoSimpleLLC_nbvcxz,GoSimpleLLC_nbvcxz/src/main/java/me/gosimple/nbvcxz/resources/FeedbackUtil.java###getFeedback,16
GoSimpleLLC_nbvcxz,GoSimpleLLC_nbvcxz/src/main/java/me/gosimple/nbvcxz/resources/AdjacencyGraphUtil.java###calcAverageDegree,3
GoSimpleLLC_nbvcxz,GoSimpleLLC_nbvcxz/src/main/java/me/gosimple/nbvcxz/resources/AdjacencyGraphUtil.java###neighborsNumber,3
GoSimpleLLC_nbvcxz,GoSimpleLLC_nbvcxz/src/main/java/me/gosimple/nbvcxz/Nbvcxz.java###estimate,7
GoSimpleLLC_nbvcxz,GoSimpleLLC_nbvcxz/src/main/java/me/gosimple/nbvcxz/Nbvcxz.java###main,5
GoSimpleLLC_nbvcxz,GoSimpleLLC_nbvcxz/src/main/java/me/gosimple/nbvcxz/Nbvcxz.java###setConfiguration,1
GoSimpleLLC_nbvcxz,GoSimpleLLC_nbvcxz/src/main/java/me/gosimple/nbvcxz/scoring/Result.java###isMinimumEntropyMet,4
GoSimpleLLC_nbvcxz,GoSimpleLLC_nbvcxz/src/main/java/me/gosimple/nbvcxz/scoring/Result.java###getGuesses,4
GoSimpleLLC_nbvcxz,GoSimpleLLC_nbvcxz/src/main/java/me/gosimple/nbvcxz/scoring/Result.java###getEntropy,3
GoSimpleLLC_nbvcxz,GoSimpleLLC_nbvcxz/src/main/java/me/gosimple/nbvcxz/scoring/Result.java###isRandom,2
